/*
SQLyog Ultimate v11.25 (64 bit)
MySQL - 8.0.29 : Database - leyue
*********************************************************************
*/


/*!40101 SET NAMES utf8 */;

/*!40101 SET SQL_MODE=''*/;

/*!40014 SET @OLD_UNIQUE_CHECKS=@@UNIQUE_CHECKS, UNIQUE_CHECKS=0 */;
/*!40014 SET @OLD_FOREIGN_KEY_CHECKS=@@FOREIGN_KEY_CHECKS, FOREIGN_KEY_CHECKS=0 */;
/*!40101 SET @OLD_SQL_MODE=@@SQL_MODE, SQL_MODE='NO_AUTO_VALUE_ON_ZERO' */;
/*!40111 SET @OLD_SQL_NOTES=@@SQL_NOTES, SQL_NOTES=0 */;
CREATE DATABASE /*!32312 IF NOT EXISTS*/`leyue` /*!40100 DEFAULT CHARACTER SET utf8mb4 COLLATE utf8mb4_0900_ai_ci */ /*!80016 DEFAULT ENCRYPTION='N' */;

USE `leyue`;

/*Table structure for table `mc_article` */

DROP TABLE IF EXISTS `mc_article`;

CREATE TABLE `mc_article` (
  `article_id` int unsigned NOT NULL AUTO_INCREMENT COMMENT '文章ID',
  `user_id` bigint DEFAULT NULL,
  `title` varchar(80) NOT NULL COMMENT '标题',
  `content_mc_article` text,
  `article_resource` varchar(1000) DEFAULT NULL COMMENT '图片/视频地址',
  `article_type` int DEFAULT '0' COMMENT '资源类型0:null,1:图片,2:视频',
  `comment_count` int unsigned NOT NULL DEFAULT '0' COMMENT '评论数量',
  `follower_count` int unsigned NOT NULL DEFAULT '0' COMMENT '收藏者数量',
  `vote_up_count` int NOT NULL DEFAULT '0' COMMENT '赞成票总数',
  `vote_down_count` int NOT NULL DEFAULT '0' COMMENT '反对票总数',
  `create_time` bigint DEFAULT NULL,
  `article_state` int DEFAULT '1' COMMENT '文章状态',
  `article_banner` int DEFAULT NULL COMMENT '文章所在板块',
  PRIMARY KEY (`article_id`),
  KEY `user_id` (`user_id`)
) ENGINE=InnoDB AUTO_INCREMENT=29 DEFAULT CHARSET=utf8mb4 COLLATE=utf8mb4_0900_ai_ci COMMENT='文章表';

/*Data for the table `mc_article` */

insert  into `mc_article`(`article_id`,`user_id`,`title`,`content_mc_article`,`article_resource`,`article_type`,`comment_count`,`follower_count`,`vote_up_count`,`vote_down_count`,`create_time`,`article_state`,`article_banner`) values (1,1,'你好呀','试一试 看一看 到底 行不行','cloud://cloud1-0ge4frqj3f10a146.636c-cloud1-0ge4frqj3f10a146-1312125214/images,cloud://cloud1-0ge4frqj3f10a146.636c-cloud1-0ge4frqj3f10a146-1312125214/images,cloud://cloud1-0ge4frqj3f10a146.636c-cloud1-0ge4frqj3f10a146-1312125214/images,cloud://cloud1-0ge4frqj3f10a146.636c-cloud1-0ge4frqj3f10a146-1312125214/images',1,23,3,4,0,1653488792,1,3),(2,2,'我张三不好','我是真的不好','cloud://leyue-8gmqvf2630ca980b.6c65-leyue-8gmqvf2630ca980b-1312125214/video/mda-ne7bsf7y4gdp244f.mp4',2,6,11,-1,0,1653489999,1,2),(3,3,'我李四很好','我比其他人好多了',NULL,0,10,3,6,0,19534899990,1,4),(4,4,'我是私密文章','说说心里话',NULL,3,5,0,0,0,1905348999,1,2),(5,2,'张三的文章','张三哈哈哈',NULL,0,0,0,1,0,19534899990,1,5),(6,4,'我是王五的文章','你看不见我的私密文章',NULL,0,0,0,2,0,19534899990,1,2),(7,6,'我是刘七的文章','你们好呀',NULL,0,0,1,0,0,19534899990,1,2),(9,2,'去拿快递呀','有啥东西',NULL,0,1,0,4,0,19534899990,1,2),(10,3,'李四死不死?','不死张三死',NULL,0,0,1,3,0,78941237894,1,2),(11,7,'我是牛马','哈哈哈哈',NULL,0,4,2,13,0,78941237894,1,2),(12,1,'我是admin的私密文章','看看我写了啥??????',NULL,3,3,0,0,0,78941237894,1,1),(13,7,'我是牛马的匿名文章','过早啊 小伙子',NULL,3,0,0,0,0,78941237899,1,1),(14,4,'我的王五的匿名文章','王五表示早上不用吃',NULL,3,0,0,0,0,78941237999,1,1),(15,2,'张三表示还要写两篇','好困呀',NULL,3,0,0,0,0,79941237999,1,1),(17,1654519599715,'好多作业都没有写呢','成功了就去写作业了','cloud://leyue-8gmqvf2630ca980b.6c65-leyue-8gmqvf2630ca980b-1312125214/user/1654613031044.jpg,cloud://leyue-8gmqvf2630ca980b.6c65-leyue-8gmqvf2630ca980b-1312125214/user/1654613031356.jpg,cloud://leyue-8gmqvf2630ca980b.6c65-leyue-8gmqvf2630ca980b-1312125214/user/1654613030906.jpg,cloud://leyue-8gmqvf2630ca980b.6c65-leyue-8gmqvf2630ca980b-1312125214/user/1654613031532.jpg',1,2,0,1,0,1654613031679,1,2),(18,1654519599715,'是不是匿名 ','看看','cloud://leyue-8gmqvf2630ca980b.6c65-leyue-8gmqvf2630ca980b-1312125214/user/1654670150079.jpg',3,0,0,0,0,1654670208530,1,1),(19,1654519599715,'水电费否的合格后','更好发挥的投入','null',0,2,0,2,0,1654673842411,1,3),(20,1654519599715,'坎坎坷坷扩扩扩扩扩扩扩扩扩','看卡','null',0,0,0,0,0,1654760065920,-1,5),(21,1654519599715,'不想去明天去吧','快点去跑步呀','null',0,3,0,1,0,1654782005996,1,3),(23,1654519599715,'才能跳转到tab页面','必须使用switchTab','null',0,5,0,0,0,1654782117131,1,3),(24,1654519599715,'你好呀','你好呀','cloud://leyue-8gmqvf2630ca980b.6c65-leyue-8gmqvf2630ca980b-1312125214/user/1654787712538.jpg,cloud://leyue-8gmqvf2630ca980b.6c65-leyue-8gmqvf2630ca980b-1312125214/user/1654787712948.jpg,cloud://leyue-8gmqvf2630ca980b.6c65-leyue-8gmqvf2630ca980b-1312125214/user/1654787712389.jpg',1,0,0,1,0,1654787723838,1,1),(25,1654519599715,'你好呀','你好呀','cloud://leyue-8gmqvf2630ca980b.6c65-leyue-8gmqvf2630ca980b-1312125214/user/1654787756392.jpg,cloud://leyue-8gmqvf2630ca980b.6c65-leyue-8gmqvf2630ca980b-1312125214/user/1654787756565.jpg,cloud://leyue-8gmqvf2630ca980b.6c65-leyue-8gmqvf2630ca980b-1312125214/user/1654787757032.jpg',1,0,0,1,0,1654787758040,1,1),(26,1654519599715,'不管了??','怎么图片没有显示????','cloud://leyue-8gmqvf2630ca980b.6c65-leyue-8gmqvf2630ca980b-1312125214/user/1654787964872.jpg,cloud://leyue-8gmqvf2630ca980b.6c65-leyue-8gmqvf2630ca980b-1312125214/user/1654787965717.jpg',1,0,0,1,0,1654787965908,1,1),(27,1654519599715,'胜多负少','水电费水电费','null',0,0,0,0,0,1655736677256,1,4),(28,1654519599715,'水电费水电费水电费水电费','复工后','cloud://leyue-8gmqvf2630ca980b.6c65-leyue-8gmqvf2630ca980b-1312125214/user/1655736698127.jpg',1,0,0,0,0,1655736697995,1,1);

/*Table structure for table `mc_banner` */

DROP TABLE IF EXISTS `mc_banner`;

CREATE TABLE `mc_banner` (
  `banner_id` int unsigned NOT NULL AUTO_INCREMENT COMMENT '数据行ID',
  `banner_name` varchar(50) DEFAULT NULL COMMENT '板块名',
  `banner_img` varchar(200) DEFAULT NULL COMMENT '板块图片',
  `banner_title` varchar(500) DEFAULT NULL COMMENT '板块简介',
  `banner_sum` int DEFAULT NULL COMMENT '板块文章数量',
  PRIMARY KEY (`banner_id`)
) ENGINE=InnoDB AUTO_INCREMENT=6 DEFAULT CHARSET=utf8mb4 COLLATE=utf8mb4_0900_ai_ci COMMENT='板块';

/*Data for the table `mc_banner` */

insert  into `mc_banner`(`banner_id`,`banner_name`,`banner_img`,`banner_title`,`banner_sum`) values (1,'海底捞','cloud://leyue-8gmqvf2630ca980b.6c65-leyue-8gmqvf2630ca980b-1312125214/images/banner/爱心.png','表白墙',0),(2,'二手交易','cloud://leyue-8gmqvf2630ca980b.6c65-leyue-8gmqvf2630ca980b-1312125214/images/banner/二手车.png','置卖闲物',0),(3,'吐槽','cloud://leyue-8gmqvf2630ca980b.6c65-leyue-8gmqvf2630ca980b-1312125214/images/banner/吐槽一下.png','发发牢骚',0),(4,'失物招领','cloud://leyue-8gmqvf2630ca980b.6c65-leyue-8gmqvf2630ca980b-1312125214/images/banner/物品申请.png','看看有没有你的物品',0),(5,'你问我答','cloud://leyue-8gmqvf2630ca980b.6c65-leyue-8gmqvf2630ca980b-1312125214/images/banner/问号.png','答疑解惑',0);

/*Table structure for table `mc_blacklist` */

DROP TABLE IF EXISTS `mc_blacklist`;

CREATE TABLE `mc_blacklist` (
  `blacklist_id` int unsigned NOT NULL AUTO_INCREMENT COMMENT '拉黑ID',
  `blacklist_user` bigint DEFAULT NULL,
  `blacklist_mbuser` bigint DEFAULT NULL,
  `letter_time` bigint DEFAULT NULL,
  `letter_state` int DEFAULT '0' COMMENT '拉黑状态0:未拉黑,1:以拉黑',
  PRIMARY KEY (`blacklist_id`),
  KEY `blacklist_user` (`blacklist_user`)
) ENGINE=InnoDB AUTO_INCREMENT=10 DEFAULT CHARSET=utf8mb4 COLLATE=utf8mb4_0900_ai_ci COMMENT='私信表';

/*Data for the table `mc_blacklist` */

insert  into `mc_blacklist`(`blacklist_id`,`blacklist_user`,`blacklist_mbuser`,`letter_time`,`letter_state`) values (1,3,1,9999999999999,0);

/*Table structure for table `mc_collect` */

DROP TABLE IF EXISTS `mc_collect`;

CREATE TABLE `mc_collect` (
  `collect_id` int unsigned NOT NULL AUTO_INCREMENT COMMENT '收藏ID',
  `collect_user` int DEFAULT NULL COMMENT '用户ID',
  `collect_wenid` int DEFAULT NULL COMMENT '文章ID',
  `collect_time` int DEFAULT NULL COMMENT '收藏时间',
  `collect_state` int DEFAULT NULL COMMENT '收藏状态0:取消收藏,1:收藏中',
  PRIMARY KEY (`collect_id`),
  KEY `receiver_id` (`collect_user`)
) ENGINE=InnoDB DEFAULT CHARSET=utf8mb4 COLLATE=utf8mb4_0900_ai_ci COMMENT='通知表';

/*Data for the table `mc_collect` */

/*Table structure for table `mc_comment` */

DROP TABLE IF EXISTS `mc_comment`;

CREATE TABLE `mc_comment` (
  `comment_id` int unsigned NOT NULL AUTO_INCREMENT COMMENT '回答评论ID',
  `commentable_id` int unsigned NOT NULL COMMENT '文章的ID',
  `comment_user_id` bigint DEFAULT NULL,
  `content` text NOT NULL COMMENT '原始正文内容',
  `vote_up_counts` int DEFAULT NULL,
  `vote_down_counts` int DEFAULT NULL,
  `create_times` bigint DEFAULT NULL,
  `comment_state` int DEFAULT '1' COMMENT '文章状态0:删除,1:发表中',
  PRIMARY KEY (`comment_id`),
  KEY `user_id` (`comment_user_id`),
  KEY `commentable_id` (`commentable_id`)
) ENGINE=InnoDB AUTO_INCREMENT=1000 DEFAULT CHARSET=utf8mb4 COLLATE=utf8mb4_0900_ai_ci COMMENT='评论表';

/*Data for the table `mc_comment` */

insert  into `mc_comment`(`comment_id`,`commentable_id`,`comment_user_id`,`content`,`vote_up_counts`,`vote_down_counts`,`create_times`,`comment_state`) values (1,1,2,'我是评论第一条动态的',8,0,1653488800,1),(2,1,3,'我是评论第一条动态的二楼',7,0,1653489000,1),(3,2,1,'thinkPHP',22,0,1653489999,1),(4,3,3,'我是李四我自己评论自己的动态',1,0,1953489999,1),(5,1,4,'我是王五我是第一条动态的三楼',1,0,1953489999,1),(8,1,1,'thinkPHP',2,0,9999999999999,0),(9,3,1,'thinkPHP',0,0,9999978978,0),(11,2,1,'thinkPHP',1,0,1653803217108,1),(21,1,1,'thinkPHP',1,0,1653806136264,1),(22,1,1,'thinkPHP',1,0,1653806247823,0),(23,1,1,'thinkPHP',1,0,1653806253046,0),(24,1,1,'thinkPHP',1,0,1653806370038,1),(25,1,1,'thinkPHP',0,0,1653811045589,1),(26,1,1,'thinkPHP',0,0,1653811179565,1),(27,2,1,'thinkPHP',1,0,1653919535401,1),(28,2,1,'thinkPHP',1,0,1653919632051,1),(29,1,1,'thinkPHP',0,0,1653961773300,1),(30,1,1,'thinkPHP',0,0,1653961897478,1),(31,1,1,'thinkPHP',0,0,1653962014638,1),(32,1,1,'thinkPHP',0,0,1653962222285,1),(33,1,3,'dfgdgdfg',0,0,1653999777620,1),(34,1,1,'thinkPHP',0,0,1653999831503,1),(35,2,1,'thinkPHP',1,0,1654005828413,1),(36,4,1,'thinkPHP',0,0,1654068912906,1),(37,4,4,'你好呀',0,0,1654070687220,1),(38,4,4,'看一看',0,0,1654071725861,1),(39,4,2,'看看我张三',0,0,1654073752617,1),(40,11,1,'thinkPHP',3,0,1654357450343,1),(41,12,1,'thinkPHP',0,0,1654359220272,1),(42,9,1,'thinkPHP',0,0,1654359442121,1),(43,11,1654519599715,'你好呀',15,0,1654525215047,1),(44,12,1654519599715,'sdfasd',0,0,1654576962580,1),(45,23,1654519599715,'你不好呀',1,0,1654939949228,1),(46,23,1654519599715,'哈哈哈哈哈',0,0,1654940152869,0),(47,23,1654519599715,'水电费',0,0,1654940279197,1),(48,23,1654519599715,'是呀是呀',0,0,1654940325726,1),(49,23,1654519599715,'asdasd',0,0,1654940549389,1),(50,17,1654519599715,'快点去写',0,0,1654940633125,1),(51,23,1654519599715,'评论数量',0,0,1654943009039,1),(52,23,1654519599715,'dsfsdf',0,0,1654943034908,0),(53,17,1654519599715,'sdgfdv',0,0,1654943758122,1),(54,21,1654519599715,'sdfgsdsdf',0,0,1655036204591,1),(55,21,1654519599715,'asdfsdf',0,0,1655038895450,1),(56,21,1654519599715,'svxcvb',0,0,1655038977741,1),(57,21,1654519599715,'sdfsdfsdf',0,0,1655039078850,1),(58,21,1654519599715,'sdfsdfsdf',0,0,1655039138869,1),(59,19,1655041043141,'你好呀你好呀',1,0,1655041295773,1),(60,19,1655041043141,'哈哈哈哈',0,0,1655051891850,1),(999,888,1,'sdfsdf',NULL,NULL,NULL,1);

/*Table structure for table `mc_count` */

DROP TABLE IF EXISTS `mc_count`;

CREATE TABLE `mc_count` (
  `count_id` int NOT NULL AUTO_INCREMENT,
  `count_user` bigint DEFAULT NULL,
  `count_mbuser` bigint DEFAULT NULL,
  PRIMARY KEY (`count_id`)
) ENGINE=InnoDB AUTO_INCREMENT=40 DEFAULT CHARSET=utf8mb4 COLLATE=utf8mb4_0900_ai_ci;

/*Data for the table `mc_count` */

insert  into `mc_count`(`count_id`,`count_user`,`count_mbuser`) values (1,2,1),(2,1,6),(3,1,6),(4,1,6),(5,1,5),(6,1,5),(7,1,5),(8,1,7),(9,1,7),(10,1,7),(11,1,1),(12,1,1654519599715),(13,1654519599715,7),(14,1654519599715,7),(15,1654519599715,7),(16,1654519599715,3),(17,1654519599715,3),(18,1654519599715,3),(19,1654519599715,2),(20,1654519599715,7),(21,1654519599715,2),(22,1654519599715,2),(23,1654519599715,6),(24,1654519599715,6),(25,1654519599715,6),(26,1654519599715,6),(27,1654519599715,6),(28,1654519599715,4),(29,1654519599715,4),(30,1654519599715,3),(31,1654519599715,3),(32,1654519599715,3),(33,1654519599715,3),(34,1654519599715,3),(35,1654519599715,3),(36,1655041043141,1654519599715),(37,1655041043141,1654519599715),(38,1655041043141,1654519599715),(39,1654519599715,4);

/*Table structure for table `mc_dianz` */

DROP TABLE IF EXISTS `mc_dianz`;

CREATE TABLE `mc_dianz` (
  `dianz_id` int NOT NULL AUTO_INCREMENT COMMENT '点赞ID',
  `duser_id` bigint DEFAULT NULL,
  `wen_id` int DEFAULT NULL COMMENT '文章ID',
  `pinglun_id` int DEFAULT NULL,
  `dianz_lei` int DEFAULT NULL,
  `mbuser` bigint DEFAULT NULL,
  PRIMARY KEY (`dianz_id`)
) ENGINE=InnoDB AUTO_INCREMENT=341 DEFAULT CHARSET=utf8mb4 COLLATE=utf8mb4_0900_ai_ci;

/*Data for the table `mc_dianz` */

insert  into `mc_dianz`(`dianz_id`,`duser_id`,`wen_id`,`pinglun_id`,`dianz_lei`,`mbuser`) values (158,1,3,3,0,3),(159,2,1,1,0,1),(160,3,1,1,0,1),(165,2,2,3,1,1),(166,3,1,1,0,NULL),(168,1,1,1,1,2),(170,4,1,1,0,1),(171,4,6,6,0,4),(172,4,3,3,1,1),(173,4,1,1,1,2),(174,1,2,2,0,2),(175,1,2,2,1,NULL),(176,1,5,5,1,NULL),(178,5,1,1,0,1),(179,1,6,6,0,4),(181,1,10,10,0,3),(182,1,9,9,0,2),(183,1,9,9,0,2),(192,1,8,8,0,1),(198,1,35,35,1,NULL),(201,1,28,28,1,NULL),(202,1,27,27,1,1),(203,1,11,11,1,1),(206,1,11,11,0,7),(208,1,7,7,0,6),(219,1,3,3,1,1),(233,1,40,40,1,1),(249,1,1,1,0,1),(253,1654519599715,9,9,0,2),(256,1654519599715,5,5,0,2),(260,1654519599715,9,9,0,2),(265,1654519599715,3,3,0,3),(268,1654576093398,40,40,1,1),(273,1654519599715,43,43,1,1654519599715),(276,1654519599715,2,2,0,2),(288,1654519599715,22,22,0,1654519599715),(289,1654519599715,21,21,0,1654519599715),(327,1654519599715,26,26,0,1654519599715),(328,1654519599715,25,25,0,1654519599715),(329,1654519599715,24,24,0,1654519599715),(331,1654519599715,19,19,0,1654519599715),(332,1654519599715,40,40,1,1),(334,1654519599715,45,45,1,1654519599715),(335,1654519599715,10,10,0,3),(336,1655041043141,19,19,0,1654519599715),(337,1654519599715,59,59,1,1655041043141),(338,1654519599715,17,17,0,1654519599715),(339,1654519599715,4,4,1,3);

/*Table structure for table `mc_guanz` */

DROP TABLE IF EXISTS `mc_guanz`;

CREATE TABLE `mc_guanz` (
  `guanz_id` int NOT NULL AUTO_INCREMENT,
  `dq_user_id` bigint DEFAULT NULL,
  `mb_user_id` bigint DEFAULT NULL,
  `guanz_time` bigint DEFAULT NULL,
  PRIMARY KEY (`guanz_id`)
) ENGINE=InnoDB AUTO_INCREMENT=23 DEFAULT CHARSET=utf8mb4 COLLATE=utf8mb4_0900_ai_ci;

/*Data for the table `mc_guanz` */

insert  into `mc_guanz`(`guanz_id`,`dq_user_id`,`mb_user_id`,`guanz_time`) values (1,3,1,1567894561234),(15,1,3,1654131771030),(16,1,2,1654131788636),(19,1,5,1654180094897),(20,1,1,1654237234398),(21,1654519599715,7,1654572865350),(22,1654519599715,1655041043141,1655041625146);

/*Table structure for table `mc_letter` */

DROP TABLE IF EXISTS `mc_letter`;

CREATE TABLE `mc_letter` (
  `letter_id` bigint NOT NULL AUTO_INCREMENT,
  `letter_user` bigint DEFAULT NULL,
  `letter_mbuser` bigint DEFAULT NULL,
  `letter_title` varchar(200) DEFAULT NULL COMMENT '发送内容',
  `letter_time` bigint DEFAULT NULL,
  `letter_ytime` bigint DEFAULT NULL,
  `letter_state` int DEFAULT '0' COMMENT '阅读状态0:未读,1:已读',
  `letter_in` varchar(10) DEFAULT 'in',
  `letter_avatary` varchar(1000) DEFAULT NULL,
  `letter_lei` int DEFAULT NULL,
  PRIMARY KEY (`letter_id`),
  KEY `letter_user` (`letter_user`)
) ENGINE=InnoDB AUTO_INCREMENT=16541813400001 DEFAULT CHARSET=utf8mb4 COLLATE=utf8mb4_0900_ai_ci COMMENT='私信表';

/*Data for the table `mc_letter` */

insert  into `mc_letter`(`letter_id`,`letter_user`,`letter_mbuser`,`letter_title`,`letter_time`,`letter_ytime`,`letter_state`,`letter_in`,`letter_avatary`,`letter_lei`) values (1,3,1,'李四的私信',1654164507064,NULL,1,'in',NULL,0),(2,3,1,'未读私信',1654164597064,NULL,1,'in',NULL,0),(3,1,3,'管理员发给李四的私信',1654164957064,NULL,0,'in',NULL,0),(4,2,1,'张三发给管理员的私信',1654165557064,NULL,1,'in',NULL,0),(5,3,2,'李四发给张三的私信',1654174557064,NULL,1,'in',NULL,0),(6,3,1,'看看页面能不能显示',1654264557064,NULL,1,'in',NULL,0),(1654181339917,1,5,'修改回复表id类型',1654181339917,0,0,'in','0',0),(1654181339918,4,1,'王五私信管理员',1654181339999,0,1,'in','0',0),(1654181340000,4,1,NULL,1654181340000,0,1,'in','cloud://leyue-8gmqvf2630ca980b.6c65-leyue-8gmqvf2630ca980b-1312125214/user/1654322381346.jpg',1),(1654185154449,1,3,'现在是北京时间2022年6月2日23:52:32',1654185154449,0,0,'in','0',0),(1654185661476,1,4,'手机能不能看见?',1654185661476,0,1,'in','0',0),(1654185781723,4,1,'手机能不能看见？',1654185781723,0,1,'in','0',0),(1654185845178,1,4,'电脑能不能看见?????',1654185845178,0,1,'in','0',0),(1654186674217,4,1,'我用手机给管理员发私信',1654186674217,0,1,'in','0',0),(1654186736069,1,4,'我管理员可看见你发的消息',1654186736069,0,1,'in','0',0),(1654187416041,4,1,'搞出来了  看不看得见？',1654187416041,0,1,'in','0',0),(1654187487253,4,1,'再发一条 ',1654187487253,0,1,'in','0',0),(1654187534468,4,1,'随便发一条',1654187534468,0,1,'in','0',0),(1654187785933,1,3,'消息同步显示',1654187785933,0,0,'in','0',0),(1654187887356,1,3,'看看能不能同步显示',1654187887356,0,0,'in','0',0),(1654187961464,1,4,'转JSON',1654187961464,0,0,'in','0',0),(1654188002953,1,3,'同步显示',1654188002953,0,0,'in','0',0),(1654191949976,1,3,'操你妈',1654191949976,0,0,'in','0',0),(1654192004965,1,3,'操你妈     ',1654192004965,0,0,'in','0',0),(1654192412009,1,3,'你好呀',1654192412009,0,0,'in','0',0),(1654192641384,1,2,'你好呀方法',1654192641384,0,1,'in','0',0),(1654193009283,1,2,'你是谁?????',1654193009283,0,1,'in','0',0),(1654193124431,1,2,'同步显示  ?',1654193124431,0,1,'in','0',0),(1654193677232,1,6,'欢迎你的到来',1654193677232,0,0,'in','0',0),(1654193741935,1,6,'欢迎你的到来刘七 我是管理员',1654193741935,0,0,'in','0',0),(1654193784690,1,6,'看一看  干啥呢',1654193784690,0,0,'in','0',0),(1654193822999,1,6,'看一看  干啥呢',1654193822999,0,0,'in','0',0),(1654194276544,1,2,'只会显示双发的对话',1654194276544,0,1,'in','0',0),(1654194349814,1,2,'只会显示双发的对话',1654194349814,0,1,'in','0',0),(1654194480736,1,2,'试一试看看',1654194480736,0,1,'in','0',0),(1654194521145,1,2,'现不现实9999',1654194521145,0,1,'in','0',0),(1654194578376,1,2,'现不现实??????????',1654194578376,0,1,'in','0',0),(1654194637050,1,2,'同步显示  这会就没有问题了',1654194637050,0,1,'in','0',0),(1654195185147,1,2,'敢拉黑管理员?',1654195185147,0,1,'in','0',0),(1654240665107,1,2,'中午好',1654240665107,0,1,'in','0',0),(1654240669999,2,1,'张三发给admin的消息',1654240669999,0,1,'in','0',0),(1654255442202,2,1,'我李四发的消息',1654255442202,0,1,'in','0',0),(1654255523034,2,1,'李四发的消息',1654255523034,0,1,'in','0',0),(1654255640318,2,3,'张三发给李四的消息',1654255640318,0,0,'in','0',0),(1654255708901,2,3,'看看写入本地没有',1654255708901,0,0,'in','0',0),(1654256601339,1,2,'晚上吃了啥?\n',1654256601339,0,0,'in','0',0),(1654256650197,1,5,'赵六你晚上吃了啥?',1654256650197,0,0,'in','0',0),(1654257015140,1,5,'还不显示吗?',1654257015140,0,0,'in','0',0),(1654257076827,1,5,'最后一条消息了\n',1654257076827,0,0,'in','0',0),(1654257825802,1,5,'好了我可以给你发消息了',1654257825802,0,0,'in','0',0),(1654268911912,1,7,'哈哈哈哈',1654268911912,0,0,'in','0',0),(1654268920815,1,7,'你好啊',1654268920815,0,0,'in','0',0),(1654268926603,1,7,'00000',1654268926603,0,0,'in','0',0),(1654322382222,1,4,NULL,1654322382222,0,0,'in','cloud://leyue-8gmqvf2630ca980b.6c65-leyue-8gmqvf2630ca980b-1312125214/user/1654322381346.jpg',1),(1654325539071,1,2,'hhhhhh',1654325539071,0,0,'in','0',0),(1654325674295,1,2,'你好呀',1654325674295,0,0,'in','0',0),(1654326057828,1,2,'你在线吗?',1654326057828,0,0,'in','0',0),(1654326182471,1,2,'看看显示谁的消息',1654326182471,0,0,'in','0',0),(1654326254054,1,2,NULL,1654326254054,0,0,'in','cloud://leyue-8gmqvf2630ca980b.6c65-leyue-8gmqvf2630ca980b-1312125214/user/1654326252933.jpg',1),(1654326364902,1,2,NULL,1654326364902,0,0,'in','cloud://leyue-8gmqvf2630ca980b.6c65-leyue-8gmqvf2630ca980b-1312125214/user/1654326363539.jpg',1),(1654362859049,1,2,'新的消息',1654362859049,0,0,'in','0',0),(1654426519142,1,1,'你好呀',1654426519142,0,1,'in','0',0),(1654426566141,1,1,'hellow word',1654426566141,0,1,'in','0',0),(1654426635195,1,2,'张三你好呀',1654426635195,0,0,'in','0',0),(1654538768711,1,1654519599715,'你好呀   我是admin',1654538768711,0,1,'in','0',0),(1654539084222,1,1,'你好呀',1654539084222,0,1,'in','0',0),(1654539129921,1,1,'你不要学我说话',1654539129921,0,1,'in','0',0),(1654572881420,1654519599715,7,'你好呀',1654572881420,0,0,'in','0',0),(1654573119552,1654519599715,7,'1138北京时间',1654573119552,0,0,'in','0',0),(1654573197306,1654519599715,7,'1138北京时间',1654573197306,0,0,'in','0',0),(1654573296670,1654519599715,3,'你好呀',1654573296670,0,0,'in','0',0),(1654573351915,1654519599715,3,'下午有团课',1654573351915,0,0,'in','0',0),(1654573380047,1654519599715,3,'中午吃了拉面',1654573380047,0,0,'in','0',0),(1654577263835,1654519599715,2,'你好呀',1654577263835,0,0,'in','0',0),(1654605481599,1654519599715,7,NULL,1654605481599,0,0,'in','cloud://leyue-8gmqvf2630ca980b.6c65-leyue-8gmqvf2630ca980b-1312125214/user/1654605480251.jpg',1),(1654605694547,1654519599715,7,NULL,1654605694547,0,0,'in','cloud://leyue-8gmqvf2630ca980b.6c65-leyue-8gmqvf2630ca980b-1312125214/user/1654605693730.jpg',1),(1654605795657,1654519599715,7,NULL,1654605795657,0,0,'in','cloud://leyue-8gmqvf2630ca980b.6c65-leyue-8gmqvf2630ca980b-1312125214/user/1654605794338.jpg',1),(1654605981012,1654519599715,2,'让他一人与',1654605981012,0,0,'in','0',0),(1654605998847,1654519599715,2,NULL,1654605998847,0,0,'in','cloud://leyue-8gmqvf2630ca980b.6c65-leyue-8gmqvf2630ca980b-1312125214/user/1654605997519.jpg',1),(1654606084824,1654519599715,6,'sdgsdafq sdfsd ',1654606084824,0,0,'in','0',0),(1654606117463,1654519599715,6,NULL,1654606117463,0,0,'in','cloud://leyue-8gmqvf2630ca980b.6c65-leyue-8gmqvf2630ca980b-1312125214/user/1654606116304.jpg',1),(1654606340995,1654519599715,6,NULL,1654606340995,0,0,'in','cloud://leyue-8gmqvf2630ca980b.6c65-leyue-8gmqvf2630ca980b-1312125214/user/1654606339928.jpg',1),(1654606401045,1654519599715,6,NULL,1654606401045,0,0,'in','cloud://leyue-8gmqvf2630ca980b.6c65-leyue-8gmqvf2630ca980b-1312125214/user/1654606400195.jpg',1),(1654606629186,1654519599715,6,NULL,1654606629186,0,0,'in','cloud://leyue-8gmqvf2630ca980b.6c65-leyue-8gmqvf2630ca980b-1312125214/user/1654606628257.jpg',1),(1654606821482,1654519599715,4,NULL,1654606821482,0,0,'in','cloud://leyue-8gmqvf2630ca980b.6c65-leyue-8gmqvf2630ca980b-1312125214/user/1654606820821.jpg',1),(1654606954360,1654519599715,4,NULL,1654606954360,0,0,'in','cloud://leyue-8gmqvf2630ca980b.6c65-leyue-8gmqvf2630ca980b-1312125214/user/1654606953459.jpg',1),(1654761187609,1654519599715,1,'你好呀',1654761187609,0,0,'in','0',0),(1655005009500,1654519599715,3,NULL,1655005009500,0,0,'in','cloud://leyue-8gmqvf2630ca980b.6c65-leyue-8gmqvf2630ca980b-1312125214/user/1655005008751.jpg',1),(1655005142629,1654519599715,3,NULL,1655005142629,0,0,'in','cloud://leyue-8gmqvf2630ca980b.6c65-leyue-8gmqvf2630ca980b-1312125214/user/1655005141829.jpg',1),(1655005151574,1654519599715,3,NULL,1655005151574,0,0,'in','cloud://leyue-8gmqvf2630ca980b.6c65-leyue-8gmqvf2630ca980b-1312125214/user/1655005151079.jpg',1),(1655005487378,1654519599715,3,NULL,1655005487378,0,0,'in','cloud://leyue-8gmqvf2630ca980b.6c65-leyue-8gmqvf2630ca980b-1312125214/user/1655005486287.jpg',1),(1655005655502,1654519599715,3,NULL,1655005655502,0,0,'in','cloud://leyue-8gmqvf2630ca980b.6c65-leyue-8gmqvf2630ca980b-1312125214/user/1655005654531.jpg',1),(1655005835160,1654519599715,3,NULL,1655005835160,0,0,'in','cloud://leyue-8gmqvf2630ca980b.6c65-leyue-8gmqvf2630ca980b-1312125214/user/1655005833862.jpg',1),(1655041321673,1655041043141,1654519599715,'你好呀',1655041321673,0,1,'in','0',0),(1655041464688,1655041043141,1654519599715,'你好呀   v',1655041464688,0,1,'in','0',0),(1655041557618,1655041043141,1654519599715,'你好呀',1655041557618,0,1,'in','0',0),(1655041753820,1654519599715,1655041043141,'你好你好 畅',1655041753820,0,1,'in','0',0),(1655041781282,1655041043141,1654519599715,'哈哈  我看到你的消息呢',1655041781282,0,1,'in','0',0),(1655041914979,1655041043141,1654519599715,'你在干嘛',1655041914979,0,1,'in','0',0),(1655041962972,1655041043141,1654519599715,'得点出去才能看见信息',1655041962972,0,1,'in','0',0),(1655042021587,1655041043141,1654519599715,'什么时候干上',1655042021587,0,1,'in','0',0),(1655042164949,1654519599715,1655041043141,'手机嫩不能看见',1655042164949,0,1,'in','0',0),(1655042776324,1655041043141,1654519599715,'你好呀哈哈哈',1655042776324,0,1,'in','0',0),(1655043348174,1654519599715,1655041043141,'nihaoya ',1655043348174,0,1,'in','0',0),(1655043467598,1654519599715,1655041043141,'fgdfg',1655043467598,0,1,'in','0',0),(1655043492399,1654519599715,1655041043141,'dfggfhjjghjghjgjghjghjghj',1655043492399,0,1,'in','0',0),(1655043548650,1654519599715,1655041043141,'他人的风格',1655043548650,0,1,'in','0',0),(1655043646568,1655041043141,1654519599715,'哈哈哈',1655043646568,0,1,'in','0',0),(1655043706820,1654519599715,1655041043141,'56666666',1655043706820,0,1,'in','0',0),(1655043860993,1654519599715,1655041043141,'44',1655043860993,0,1,'in','0',0),(1655043927058,1654519599715,1655041043141,'sdfsdf',1655043927058,0,1,'in','0',0),(1655044044858,1654519599715,1655041043141,'ok',1655044044858,0,1,'in','0',0),(1655044069433,1655041043141,1654519599715,'快快快来来来',1655044069433,0,1,'in','0',0),(1655044090752,1655041043141,1654519599715,'哈哈哈  行了',1655044090752,0,1,'in','0',0),(1655044186362,1655041043141,1654519599715,'你看行不行',1655044186362,0,1,'in','0',0),(1655044207365,1655041043141,1654519599715,'是真的行',1655044207365,0,1,'in','0',0),(1655044233859,1654519599715,1655041043141,'看看我给你发的消息',1655044233859,0,1,'in','0',0),(1655044280597,1654519599715,1655041043141,'log\n456',1655044280597,0,1,'in','0',0),(1655044412004,1654519599715,1655041043141,'行不行???',1655044412004,0,1,'in','0',0),(1655044427795,1654519599715,1655041043141,NULL,1655044427795,0,1,'in','cloud://leyue-8gmqvf2630ca980b.6c65-leyue-8gmqvf2630ca980b-1312125214/user/1655044427113.jpg',1),(1655044463776,1654519599715,1655041043141,'sdfsdf',1655044463776,0,1,'in','0',0),(1655044502446,1654519599715,1655041043141,'886',1655044502446,0,1,'in','0',0),(1655051612310,1655041043141,1654519599715,'你在吗',1655051612310,0,1,'in','0',0),(1655051629186,1655041043141,1654519599715,'哈哈哈',1655051629186,0,1,'in','0',0),(1655051662936,1654519599715,1655041043141,'你好呀',1655051662936,0,1,'in','0',0),(1655051707158,1654519599715,1655041043141,'急急急',1655051707158,0,1,'in','0',0),(1655051726558,1655041043141,1654519599715,'哈哈哈',1655051726558,0,1,'in','0',0),(1655051760470,1654519599715,1655041043141,NULL,1655051760470,0,1,'in','cloud://leyue-8gmqvf2630ca980b.6c65-leyue-8gmqvf2630ca980b-1312125214/user/1655051759581.jpg',1),(1655051784030,1654519599715,1655041043141,NULL,1655051784030,0,1,'in','cloud://leyue-8gmqvf2630ca980b.6c65-leyue-8gmqvf2630ca980b-1312125214/user/1655051783607.jpg',1),(1655051818489,1654519599715,1655041043141,'你不行呀',1655051818489,0,1,'in','0',0),(1655052010051,1655041043141,1654519599715,'即时通讯',1655052010051,0,1,'in','0',0),(1655052038135,1655041043141,1654519599715,'明天调调样式就好了',1655052038135,0,1,'in','0',0),(1655052068845,1655041043141,1654519599715,'明天考试早点睡',1655052068845,0,1,'in','0',0),(1655882233359,1654519599715,4,NULL,1655882233359,0,0,'in','cloud://leyue-8gmqvf2630ca980b.6c65-leyue-8gmqvf2630ca980b-1312125214/user/1655882232859.jpg',1),(1655882436202,1654519599715,1,NULL,1655882436202,0,0,'in','cloud://leyue-8gmqvf2630ca980b.6c65-leyue-8gmqvf2630ca980b-1312125214/user/1655882435570.jpg',1),(1665257076827,6,1,'刘七发给管理员的消息',1665257076827,0,1,'in','0',0),(1665257076828,5,1,'赵六发给管理员的消息',1665257076827,0,1,'in','0',0),(1665257076829,4,1,'看看弹框会不会显示',1665257076829,0,1,'in','0',0),(1665257076849,3,1,'小圆点',1665257076829,0,1,'in','0',0),(1665257876849,6,1,'我也来发送小圆点了',1665257876849,0,1,'in','0',0),(1665557876849,3,1,'都来了',1665557876849,0,1,'in','0',0),(1665557876850,2,1,'都带着小圆点来了',1665557876850,0,1,'in','0',0),(1665557878850,4,1,'我也是小圆点',1665557878850,0,1,'in','0',0);

/*Table structure for table `mc_love` */

DROP TABLE IF EXISTS `mc_love`;

CREATE TABLE `mc_love` (
  `love_id` int unsigned NOT NULL AUTO_INCREMENT COMMENT '关注表ID',
  `love_user` bigint DEFAULT NULL,
  `love_mbuser` int DEFAULT NULL COMMENT '目标用户ID',
  `love_time` bigint DEFAULT NULL,
  PRIMARY KEY (`love_id`),
  KEY `love_user` (`love_user`),
  KEY `love_mbuser` (`love_mbuser`)
) ENGINE=InnoDB AUTO_INCREMENT=33 DEFAULT CHARSET=utf8mb4 COLLATE=utf8mb4_0900_ai_ci COMMENT='板块';

/*Data for the table `mc_love` */

insert  into `mc_love`(`love_id`,`love_user`,`love_mbuser`,`love_time`) values (18,3,12,1653971112401),(21,4,2,1654012222132),(25,1,1,1654358139950),(27,1654519599715,10,1654525355218),(28,1654519599715,7,1654525832155),(29,1654519599715,11,1654536151356),(30,1654576012987,2,1654576022544),(31,1654576408880,11,1654576413153);

/*Table structure for table `mc_notification` */

DROP TABLE IF EXISTS `mc_notification`;

CREATE TABLE `mc_notification` (
  `notification_id` int unsigned NOT NULL AUTO_INCREMENT COMMENT '通知ID',
  `receiver_id` bigint DEFAULT NULL,
  `sender_id` bigint DEFAULT NULL,
  `wen_id` int DEFAULT NULL,
  `question_id` int DEFAULT NULL,
  `answer_id` int DEFAULT NULL,
  `cjian_time` bigint DEFAULT NULL,
  `read_time` int unsigned NOT NULL DEFAULT '0' COMMENT '阅读时间',
  `notification_state` int DEFAULT '0' COMMENT '通知类型0：收藏,1：点赞，2,评论',
  PRIMARY KEY (`notification_id`),
  KEY `receiver_id` (`receiver_id`)
) ENGINE=InnoDB AUTO_INCREMENT=300 DEFAULT CHARSET=utf8mb4 COLLATE=utf8mb4_0900_ai_ci COMMENT='通知表';

/*Data for the table `mc_notification` */

insert  into `mc_notification`(`notification_id`,`receiver_id`,`sender_id`,`wen_id`,`question_id`,`answer_id`,`cjian_time`,`read_time`,`notification_state`) values (1,1,2,1,0,0,0,1,0),(2,1,2,1,1,0,0,1,1),(3,1,2,1,1,1,0,1,2),(4,1,3,2,2,2,0,1,2),(5,1,5,1,0,0,0,1,1),(6,1,2,9,0,0,1654354559694,1,1),(7,1,1,8,0,0,1654354675333,1,1),(8,1,1,NULL,3,0,1654355279434,0,1),(9,1,1,NULL,3,0,1654355285357,0,1),(10,1,1,NULL,3,0,1654355410913,0,1),(11,1,1,NULL,3,0,1654355495588,0,1),(12,1,1,2,3,0,1654355633718,1,1),(13,1,1,2,3,0,1654355758397,1,1),(14,1,1,8,0,0,1654355912231,1,1),(15,1,1,1,0,0,1654355965264,1,1),(16,1,1,1,0,0,1654356081002,1,1),(17,1,1,1,0,0,1654356115970,1,1),(18,1,1,1,0,0,1654356186544,1,1),(19,1,1,2,3,0,1654356262433,1,1),(20,1,1,2,11,0,1654357122907,1,1),(21,1,1,11,40,0,1654357453092,1,1),(22,7,1,11,0,0,1654357632341,0,1),(23,1,1,1,0,0,1654357683705,1,1),(24,1,1,1,0,0,1654358139961,1,0),(25,1,1,12,0,0,1654359220281,1,2),(26,2,1,9,0,0,1654359442135,0,2),(27,1,1,12,12,41,1654360564564,1,2),(28,1,1,11,11,40,1654360759961,1,2),(29,6,1,7,0,0,1654362360257,0,1),(30,1,1,1,0,0,1654362367160,1,1),(31,1,1,1,0,0,1654362437703,1,1),(32,1,1,1,0,0,1654362808896,1,1),(33,1,1,9,42,0,1654423818082,1,1),(34,1,1,9,42,0,1654423917874,1,1),(35,1,1,9,42,0,1654423968130,1,1),(36,1,1,11,40,0,1654424012992,1,1),(37,1,1,11,40,0,1654424063125,1,1),(38,1,1,11,40,0,1654424074198,1,1),(39,1,1,11,40,0,1654424113544,1,1),(40,1,1,2,3,0,1654426204196,1,1),(41,1,1,11,40,0,1654426249854,1,1),(42,1,1,11,40,0,1654426277521,1,1),(43,1,1,11,40,0,1654426344655,1,1),(44,1,1,11,40,0,1654426399861,1,1),(45,1,1,11,40,0,1654426436803,1,1),(46,1,1,9,42,0,1654426470380,1,1),(47,1,1,11,40,0,1654429137205,1,1),(48,1,1,9,42,0,1654479748078,1,1),(49,1,1,9,42,0,1654479769701,1,1),(50,1,1,11,40,0,1654479793319,1,1),(51,1,1,11,40,0,1654479848892,1,1),(52,1,1,11,40,0,1654479894542,1,1),(53,1,1,1,0,0,1654479935197,1,1),(54,1,1,11,40,0,1654480071574,1,1),(55,1,1654519599715,1,0,0,1654524785611,1,1),(56,7,1654519599715,11,0,0,1654525215088,0,2),(57,1,1654519599715,11,11,40,1654525250734,1,2),(58,1654519599715,7,11,0,0,1654525274937,1,0),(59,1654519599715,1654519599715,11,43,0,1654525314427,1,1),(60,1654519599715,3,10,0,0,1654525355230,1,0),(61,6,1654519599715,7,0,0,1654525832198,0,0),(62,1,1654519599715,9,42,0,1654525861503,1,1),(63,1654519599715,1654519599715,11,43,0,1654527094769,1,1),(64,1654519599715,1654519599715,11,43,0,1654527117329,1,1),(65,1654519599715,1654519599715,11,43,0,1654527122580,1,1),(66,1654519599715,1654519599715,11,43,0,1654527242186,1,1),(67,1654519599715,1654519599715,11,43,0,1654527283777,1,1),(68,1654519599715,1654519599715,11,43,0,1654527491209,1,1),(69,1654519599715,1654519599715,11,43,0,1654527543420,1,1),(70,1654519599715,1654519599715,11,43,0,1654527638596,1,1),(71,1654519599715,1654519599715,11,43,0,1654527685162,1,1),(72,1654519599715,1654519599715,11,43,0,1654527742258,1,1),(73,1654519599715,1654519599715,11,43,0,1654527852023,1,1),(74,1654519599715,1654519599715,11,43,0,1654527923994,1,1),(75,1654519599715,1654519599715,11,43,0,1654529498122,1,1),(76,1654519599715,1654519599715,11,43,0,1654529637913,1,1),(77,7,1654519599715,11,0,0,1654531285528,0,1),(78,7,1654519599715,11,0,0,1654531298888,0,1),(79,3,1654519599715,10,0,0,1654531491907,0,1),(80,3,1654519599715,3,0,0,1654535216205,0,1),(81,7,1654519599715,11,0,0,1654536151378,0,0),(82,1654519599715,1654519599715,11,43,0,1654536176176,1,1),(83,1654519599715,1654519599715,11,43,0,1654536269696,1,1),(84,1654519599715,1654519599715,11,43,0,1654536336983,1,1),(85,1654519599715,1654519599715,11,43,0,1654536349771,1,1),(86,1654519599715,1654519599715,11,43,0,1654536353795,1,1),(87,7,1654519599715,11,0,0,1654537375555,0,1),(88,1,1,1,0,0,1654538827207,1,1),(89,1,1,1,0,0,1654539061774,1,1),(90,7,1654519599715,11,0,0,1654573560952,0,1),(91,3,1654519599715,10,0,0,1654573566311,0,1),(92,7,1654519599715,11,0,0,1654573574514,0,1),(93,2,1654519599715,9,0,0,1654573809023,0,1),(94,7,1654519599715,11,0,0,1654573819237,0,1),(95,6,1654519599715,7,0,0,1654573844109,0,1),(96,2,1654519599715,5,0,0,1654573846296,0,1),(97,7,1654519599715,11,0,0,1654573859358,0,1),(98,4,1654519599715,6,0,0,1654573998405,0,1),(99,3,1654519599715,10,0,0,1654574010654,0,1),(100,2,1654519599715,9,0,0,1654574123198,0,1),(101,6,1654519599715,7,0,0,1654574183425,0,1),(102,7,1654519599715,11,0,0,1654574214090,0,1),(103,7,1654519599715,11,0,0,1654574410646,0,1),(104,2,1654519599715,2,0,0,1654574929013,0,1),(105,3,1654519599715,3,0,0,1654575133128,0,1),(106,1,0,11,40,0,1654575146888,0,1),(107,2,1654519599715,2,0,0,1654575896940,0,1),(108,2,1654576012987,2,0,0,1654576022558,0,0),(109,1,1654576093398,11,40,0,1654576105319,0,1),(110,3,1654519599715,10,0,0,1654576287736,0,1),(111,7,1654576408880,11,0,0,1654576413203,0,0),(112,7,1654519599715,11,0,0,1654576568637,0,1),(113,7,1654519599715,11,0,0,1654576638011,0,1),(114,3,1654519599715,10,0,0,1654576662509,0,1),(115,2,1654519599715,9,0,0,1654576930640,0,0),(116,1,1654519599715,12,0,0,1654576962591,1,2),(117,1654519599715,1654519599715,11,43,0,1654577181432,1,1),(118,1,1654519599715,11,40,0,1654577355883,1,1),(119,6,1654519599715,7,0,0,1654577689398,0,1),(120,2,1654519599715,2,0,0,1654577745654,0,1),(121,4,1654519599715,6,0,0,1654758851887,0,1),(122,6,1654519599715,7,0,0,1654758987300,0,1),(123,1,1654519599715,1,0,0,1654762883346,0,1),(124,1654519599715,1654519599715,23,0,0,1654917479797,1,1),(125,1654519599715,1654519599715,22,0,0,1654933764173,1,1),(126,1654519599715,1654519599715,19,0,0,1654933863130,1,1),(127,1654519599715,1654519599715,23,0,0,1654934810039,1,1),(128,1654519599715,1654519599715,23,0,0,1654935589490,1,1),(129,1654519599715,1654519599715,23,0,0,1654935691892,1,1),(130,1654519599715,1654519599715,22,0,0,1654935776497,1,1),(131,1654519599715,1654519599715,22,0,0,1654935827653,1,1),(132,1654519599715,1654519599715,22,0,0,1654935953826,1,1),(133,1654519599715,1654519599715,21,0,0,1654935995013,1,1),(134,1654519599715,1654519599715,17,0,0,1654936031606,1,1),(135,1654519599715,1654519599715,23,0,0,1654936126425,1,1),(136,1654519599715,1654519599715,23,0,0,1654936374598,1,1),(137,1654519599715,1654519599715,23,0,0,1654936394158,1,1),(138,1654519599715,1654519599715,23,0,0,1654936456679,1,1),(139,1654519599715,1654519599715,23,0,0,1654936503307,1,1),(140,1654519599715,1654519599715,23,0,0,1654936567511,1,1),(141,1654519599715,1654519599715,23,0,0,1654936613241,1,1),(142,1654519599715,1654519599715,23,0,0,1654936662719,1,1),(143,1654519599715,1654519599715,23,0,0,1654936764019,1,1),(144,3,1654519599715,10,0,0,1654936843505,0,1),(145,3,1654519599715,10,0,0,1654936933272,0,1),(146,1654519599715,1654519599715,23,0,0,1654937172979,1,1),(147,1654519599715,1654519599715,23,0,0,1654937549885,1,1),(148,1654519599715,1654519599715,23,0,0,1654939543623,1,1),(149,1654519599715,1654519599715,23,0,0,1654939556577,1,1),(150,1654519599715,1654519599715,23,0,0,1654939949238,1,2),(151,1654519599715,1654519599715,23,0,0,1654940152882,1,2),(152,1654519599715,1654519599715,23,0,0,1654940279206,1,2),(153,1654519599715,1654519599715,23,0,0,1654940325766,1,2),(154,1654519599715,1654519599715,23,0,0,1654940549431,1,2),(155,1654519599715,1654519599715,17,0,0,1654940633137,1,2),(156,3,1654519599715,10,0,0,1654940643331,0,1),(157,3,1654519599715,10,0,0,1654940676411,0,1),(158,1654519599715,1654519599715,23,0,0,1654941111009,1,1),(159,1654519599715,1654519599715,23,0,0,1654941275905,1,1),(160,1654519599715,1654519599715,23,0,0,1654941443843,1,1),(161,1654519599715,1654519599715,23,0,0,1654941525348,1,1),(162,1654519599715,1654519599715,23,0,0,1654941684315,1,1),(163,1654519599715,1654519599715,23,0,0,1654941873015,1,1),(164,1654519599715,1654519599715,23,0,0,1654942534611,1,1),(165,1654519599715,1654519599715,23,0,0,1654942659184,1,1),(166,1654519599715,1654519599715,23,0,0,1654942832016,1,1),(167,1654519599715,1654519599715,23,0,0,1654942955793,1,1),(168,1654519599715,1654519599715,23,0,0,1654943009048,1,2),(169,1654519599715,1654519599715,23,0,0,1654943034918,1,2),(170,1654519599715,1654519599715,23,0,0,1654943250846,1,1),(171,1654519599715,1654519599715,23,0,0,1654943475956,1,1),(172,1654519599715,1654519599715,23,0,0,1654943519053,1,1),(173,1654519599715,1654519599715,23,0,0,1654943633619,1,1),(174,1654519599715,1654519599715,23,0,0,1654943721553,1,1),(175,1654519599715,1654519599715,17,0,0,1654943751973,1,1),(176,1654519599715,1654519599715,17,0,0,1654943758131,1,2),(177,1654519599715,1654519599715,23,0,0,1655004972820,1,1),(178,3,1654519599715,10,0,0,1655021423995,0,1),(179,6,1654519599715,7,0,0,1655021645510,0,1),(180,1654519599715,1654519599715,26,0,0,1655021651345,1,1),(181,1654519599715,1654519599715,25,0,0,1655021657979,1,1),(182,1654519599715,1654519599715,24,0,0,1655021668694,1,1),(183,1654519599715,1654519599715,23,0,0,1655021680292,1,1),(184,1654519599715,1654519599715,19,0,0,1655021700571,1,1),(185,1,1654519599715,11,40,0,1655021878610,0,1),(186,1654519599715,1654519599715,23,0,0,1655021927346,1,1),(187,1654519599715,1654519599715,23,45,0,1655021936387,1,1),(188,3,1654519599715,10,0,0,1655021947398,0,1),(189,1,1,11,NULL,NULL,1655030293450,0,4),(190,1,1,11,NULL,NULL,1655030353911,0,4),(191,1,1,11,NULL,NULL,1655030413922,0,4),(192,1654519599715,1,23,NULL,NULL,1655030445287,1,4),(193,1654519599715,1,22,NULL,NULL,1655030680640,1,4),(194,1654519599715,1,22,NULL,NULL,1655030724001,1,4),(195,1654519599715,1,23,NULL,NULL,1655030916272,1,4),(196,1654519599715,1,23,NULL,NULL,1655030916272,1,10),(197,1654519599715,1,22,NULL,NULL,1655031105001,1,10),(198,1654519599715,1,22,NULL,NULL,1655031105000,1,4),(199,1654519599715,1,22,NULL,NULL,1655031283325,1,4),(200,1654519599715,1,22,NULL,NULL,1655031283325,1,10),(201,1654519599715,1,22,NULL,NULL,1655031423418,0,4),(202,1654519599715,1,22,NULL,NULL,1655031423418,0,10),(203,1654519599715,1,23,NULL,NULL,1655032399691,1,5),(204,1,1,11,NULL,NULL,1655032973893,0,5),(205,1654519599715,1,23,NULL,NULL,1655033130163,1,4),(206,1654519599715,1,23,NULL,NULL,1655033130163,1,10),(207,1654519599715,1,23,NULL,NULL,1655033162626,1,5),(208,1654519599715,1,23,NULL,NULL,1655033186121,1,5),(209,7,1,11,NULL,NULL,1655033240785,0,10),(210,1,1,11,NULL,NULL,1655033240785,0,4),(211,1,1,40,NULL,NULL,1655034906029,0,5),(212,1654519599715,1,45,NULL,NULL,1655034912764,0,5),(213,1654519599715,1,45,NULL,NULL,1655034953576,0,5),(214,1,1,40,NULL,NULL,1655034953580,0,5),(215,1,1,40,NULL,NULL,1655034976538,0,5),(216,1654519599715,1,45,45,NULL,1655035009418,0,6),(217,1654519599715,1,45,45,NULL,1655035069423,0,6),(218,1,1,40,40,NULL,1655035128988,0,6),(219,1654519599715,1,23,NULL,NULL,1655035449960,1,6),(220,1654519599715,1654519599715,21,0,0,1655036204632,1,2),(221,1654519599715,1,21,NULL,NULL,1655036532296,1,6),(222,1654519599715,1,9,NULL,NULL,1655037209230,1,6),(223,1,1,9,NULL,NULL,1655037209230,0,11),(224,1654519599715,1,9,NULL,NULL,1655037431043,1,6),(225,1,1,9,NULL,NULL,1655037431044,0,11),(226,1654519599715,1,17,NULL,NULL,1655037478695,1,6),(227,1654519599715,1,17,NULL,NULL,1655037478695,1,11),(228,1654519599715,1,21,NULL,NULL,1655037555800,1,6),(229,1654519599715,1,21,NULL,NULL,1655037555801,1,11),(230,1654519599715,1,17,NULL,NULL,1655037558377,1,6),(231,1654519599715,1,17,NULL,NULL,1655037558378,1,11),(232,1654519599715,1,21,NULL,NULL,1655037596769,1,6),(233,1654519599715,1,21,NULL,NULL,1655037596770,1,11),(234,1654519599715,1,21,NULL,NULL,1655037862626,1,6),(235,1654519599715,1,21,NULL,NULL,1655037862626,1,11),(236,1654519599715,1,21,NULL,NULL,1655037954854,1,6),(237,1654519599715,1,21,NULL,NULL,1655037954854,1,11),(238,1654519599715,1,21,NULL,NULL,1655038065613,1,6),(239,1654519599715,1,21,NULL,NULL,1655038065613,1,11),(240,1654519599715,1,21,54,NULL,1655038205660,1,6),(241,1654519599715,1,21,54,NULL,1655038205660,1,11),(242,1654519599715,1654519599715,21,0,0,1655038895490,1,2),(243,1654519599715,1,21,55,NULL,1655038909473,1,6),(244,1654519599715,1,21,55,NULL,1655038909474,1,11),(245,1654519599715,1,21,55,NULL,1655038962394,1,6),(246,1654519599715,1,21,55,NULL,1655038962396,1,11),(247,1654519599715,1654519599715,21,0,0,1655038977750,1,2),(248,1654519599715,1,21,56,NULL,1655039009678,1,6),(249,1654519599715,1,21,56,NULL,1655039009679,1,11),(250,1654519599715,1,21,56,NULL,1655039062446,1,6),(251,1654519599715,1,21,56,NULL,1655039062448,1,11),(252,1654519599715,1654519599715,21,0,0,1655039078859,1,2),(253,1654519599715,1,21,57,NULL,1655039094100,1,6),(254,1654519599715,1,21,57,NULL,1655039094101,1,11),(255,1654519599715,1,21,57,NULL,1655039121577,1,6),(256,1654519599715,1,21,57,NULL,1655039121579,1,11),(257,1654519599715,1654519599715,21,0,0,1655039138883,1,2),(258,1654519599715,1,21,58,NULL,1655039167529,1,6),(259,1654519599715,1,21,58,NULL,1655039167529,1,11),(260,3,1,10,NULL,NULL,1655039260541,0,10),(261,1,1,10,NULL,NULL,1655039260541,0,4),(262,1,1,11,NULL,NULL,1655039260864,0,4),(263,7,1,11,NULL,NULL,1655039260864,0,10),(264,1,1,11,NULL,NULL,1655039261034,0,4),(265,7,1,11,NULL,NULL,1655039261034,0,10),(266,7,1,11,NULL,NULL,1655039261193,0,10),(267,1,1,11,NULL,NULL,1655039261193,0,4),(268,1,1,11,NULL,NULL,1655039261341,0,4),(269,7,1,11,NULL,NULL,1655039261341,0,10),(270,7,1,11,NULL,NULL,1655039261496,0,10),(271,1,1,11,NULL,NULL,1655039261496,0,4),(272,1,1,11,NULL,NULL,1655039320545,0,4),(273,7,1,11,NULL,NULL,1655039320545,0,10),(274,7,1,11,NULL,NULL,1655039320876,0,10),(275,1,1,11,NULL,NULL,1655039320876,0,4),(276,1654519599715,1,11,NULL,NULL,1655039321034,1,4),(277,7,1,11,NULL,NULL,1655039321034,0,10),(278,1654519599715,1,6,NULL,NULL,1655040360384,1,4),(279,4,1,6,NULL,NULL,1655040360385,0,10),(280,1654519599715,1,3,NULL,NULL,1655040420095,1,4),(281,3,1,3,NULL,NULL,1655040420095,0,10),(282,1654519599715,1,21,NULL,NULL,1655040711884,1,4),(283,1654519599715,1,21,NULL,NULL,1655040711885,1,10),(284,1654519599715,1655041043141,19,0,0,1655041295812,1,2),(285,1654519599715,1655041043141,19,0,0,1655042299640,1,1),(286,1654519599715,1655041043141,19,0,0,1655051891889,1,2),(287,1655041043141,1654519599715,19,59,0,1655086890668,0,1),(288,1654519599715,1654519599715,17,0,0,1655086896044,1,1),(289,3,1654519599715,3,4,0,1655094698293,0,1),(290,1654519599715,1,23,NULL,NULL,1655108121224,1,10),(291,1654519599715,1,23,NULL,NULL,1655108121224,1,4),(292,1654519599715,1,23,NULL,NULL,1655108284451,1,13),(293,4,1,6,NULL,NULL,1655133439161,0,13),(294,3,1,3,NULL,NULL,1655133440658,0,13),(295,1654519599715,1,21,NULL,NULL,1655133442176,1,13),(296,1654519599715,1,11,NULL,NULL,1655134111626,1,4),(297,7,1,11,NULL,NULL,1655134111626,0,10),(298,7,1,11,NULL,NULL,1655134512309,0,13),(299,7,1654519599715,11,0,0,1655642337531,0,1);

/*Table structure for table `mc_reply` */

DROP TABLE IF EXISTS `mc_reply`;

CREATE TABLE `mc_reply` (
  `reply_id` int unsigned NOT NULL AUTO_INCREMENT COMMENT '回复ID',
  `commentable_id` int unsigned NOT NULL COMMENT '文章的ID',
  `reply_targetid` bigint DEFAULT NULL,
  `reply_commentid` int NOT NULL COMMENT '评论ID',
  `user_id` bigint DEFAULT NULL,
  `content` text NOT NULL COMMENT '回复内容',
  `vote_up_countson` int DEFAULT NULL,
  `vote_down_count` int NOT NULL DEFAULT '0' COMMENT '反对票总数',
  `create_time` bigint DEFAULT NULL,
  `reply_state` int DEFAULT '1' COMMENT '文章状态0:删除,1:发表中',
  PRIMARY KEY (`reply_id`),
  KEY `user_id` (`user_id`)
) ENGINE=InnoDB AUTO_INCREMENT=28 DEFAULT CHARSET=utf8mb4 COLLATE=utf8mb4_0900_ai_ci COMMENT='评论表';

/*Data for the table `mc_reply` */

insert  into `mc_reply`(`reply_id`,`commentable_id`,`reply_targetid`,`reply_commentid`,`user_id`,`content`,`vote_up_countson`,`vote_down_count`,`create_time`,`reply_state`) values (1,1,2,1,4,'我是动态第一条评论的回复',0,0,1653600000,1),(2,1,4,1,3,'我回复 回复消息',0,0,1693600000,1),(3,2,1,3,2,'我回复admin的评论',0,0,1893600000,1),(4,1,2,1,3,'我再次回复回复评论',0,0,1993600000,1),(5,1,1,21,1,'回复写入',0,0,1653809803536,1),(6,1,1,22,1,'行不行就看这会了',0,0,1653810027765,1),(7,1,1,23,1,'绝对行了',0,0,1653810153187,1),(8,1,2,1,1,'我评论张三发表的动态',0,0,1653810205312,1),(9,1,4,1,1,'我试试行不行',0,0,1653810847403,1),(10,1,3,1,1,'我试试回复李四行不行',0,0,1653810867392,1),(11,1,1,1,1,'123',0,0,1653811016378,1),(12,1,3,2,1,'789789',0,0,1653811028889,1),(13,2,1,11,1,'有点问题',0,0,1653811165468,1),(14,3,3,4,1,'kakan',0,0,1653920661017,1),(15,3,1,9,1,'asdasd',0,0,1653920803677,1),(16,3,1,9,1,'sdfsdfsdfsdfasd',0,0,1653920882783,1),(17,3,1,9,1,'sdfsdfsdfsdfasdasdsad',0,0,1653920892034,1),(18,3,1,9,1,'asdadasd',0,0,1653920909403,1),(19,3,1,9,1,'水电费水电费水电费水电费',0,0,1653920949083,1),(20,3,1,9,1,'水电费水电费水电费水电费',0,0,1653920952725,1),(21,3,1,9,1,'水电费水电费水电费水电费',0,0,1653920960103,1),(22,3,1,9,1,'asdasdasd',0,0,1653921045784,1),(23,1,4,5,1,'asdasd',0,0,1653962339163,1),(24,4,1,36,4,'看看显不显示',0,0,1654071082360,1),(25,12,1,41,1,'sdfsdf',0,0,1654360564524,1),(26,11,1,40,1,'看看呀',0,0,1654360759921,1),(27,11,1,40,1654519599715,'你好呀',0,0,1654525250693,1);

/*Table structure for table `mc_report` */

DROP TABLE IF EXISTS `mc_report`;

CREATE TABLE `mc_report` (
  `report_id` int unsigned NOT NULL AUTO_INCREMENT COMMENT '数据行ID',
  `reportable_id` bigint DEFAULT NULL,
  `reportable_type` varchar(50) NOT NULL COMMENT '举报目标类型 0:文章,1:用户',
  `wen_id` int DEFAULT NULL COMMENT '举报文章ID',
  `juser_id` bigint DEFAULT NULL,
  `user_id` bigint DEFAULT NULL,
  `reason` varchar(200) NOT NULL COMMENT '举报原因',
  `create_time` bigint DEFAULT NULL,
  `report_state` int NOT NULL DEFAULT '0' COMMENT '受理状态0:为受理,1:成功,2:失败',
  `pinglun_id` int DEFAULT NULL,
  `root_user_id` bigint DEFAULT NULL,
  PRIMARY KEY (`report_id`),
  KEY `reportable_id` (`user_id`)
) ENGINE=InnoDB AUTO_INCREMENT=41 DEFAULT CHARSET=utf8mb4 COLLATE=utf8mb4_0900_ai_ci COMMENT='举报';

/*Data for the table `mc_report` */

insert  into `mc_report`(`report_id`,`reportable_id`,`reportable_type`,`wen_id`,`juser_id`,`user_id`,`reason`,`create_time`,`report_state`,`pinglun_id`,`root_user_id`) values (2,1,'1',0,1,1654487849605,'sfdsdfsdfsdf',0,2,40,1654519599715),(4,1,'0',11,7,1654489879478,'asd',0,3,0,1654519599715),(5,1,'0',11,7,1654489982869,'去掉弹框',0,1,0,1654519599715),(6,1,'1',0,1,1654490055540,'自己举报自己',0,2,40,1654519599715),(7,1,'0',11,7,1654490155553,'提示',0,1,0,1654519599715),(8,1,'0',11,7,1654490198781,'fdfsdf',0,1,0,1654519599715),(9,1,'0',11,7,1654490238139,'asd',0,1,0,1654519599715),(10,1,'0',11,7,1654490249652,'sdfsdf',0,1,0,1654519599715),(11,1,'0',11,7,1654490272448,'asdasd',0,1,0,1654519599715),(12,1,'2',0,7,1654491167555,'其他举报用户',0,0,0,NULL),(13,1654519599715,'0',11,7,1654575013934,'其他dfg',0,1,0,1654519599715),(14,1654519599715,'0',11,7,1654575433217,'其他asdasfghfgh456456',0,1,0,1654519599715),(15,1654519599715,'2',0,1654519599715,1654760172560,'其他sad',0,0,0,NULL),(16,1654519599715,'1',0,1654519599715,1655025891165,'其他dsfsd ',0,2,45,1654519599715),(18,1654519599715,'0',22,1654519599715,1655030670848,'侵犯权益dfgdfg',0,0,0,NULL),(20,1654519599715,'0',22,1654519599715,1655031092923,'其他你不见了 啊啊',0,0,0,NULL),(21,1654519599715,'0',22,1654519599715,1655031273682,'青少年不宜sdfsdf',0,0,0,NULL),(23,1654519599715,'1',1,1,1655036797720,'侵犯权益举报管理员',0,1,42,1654519599715),(24,1654519599715,'1',1,1,1655037262044,'青少年不宜sdfsdf',0,1,42,1654519599715),(25,1654519599715,'1',1,1654519599715,1655037271685,'违法犯罪sdfsdf',0,1,50,1654519599715),(26,1654519599715,'1',1,1654519599715,1655037279126,'其他dfgdfg',0,1,53,1654519599715),(33,1654519599715,'1',1,1654519599715,1655039001384,'辱骂攻击sdfsdf',0,4,56,1654519599715),(34,1654519599715,'1',1,1654519599715,1655039087973,'垃圾广告sdfsdfsdf',0,4,57,1654519599715),(35,1654519599715,'1',1,1654519599715,1655039158653,'违法犯罪asdasdasd',0,4,58,1654519599715),(39,1655041043141,'0',19,1654519599715,1655044544315,'辱骂攻击还记得',0,0,0,NULL),(40,1654519599715,'0',23,1654519599715,1655108111842,'青少年不宜低收费鬼地方个',0,0,0,NULL);

/*Table structure for table `mc_root` */

DROP TABLE IF EXISTS `mc_root`;

CREATE TABLE `mc_root` (
  `root_id` int NOT NULL AUTO_INCREMENT,
  `root_user` bigint DEFAULT NULL,
  `root_lei` int DEFAULT NULL,
  PRIMARY KEY (`root_id`)
) ENGINE=InnoDB AUTO_INCREMENT=6 DEFAULT CHARSET=utf8mb4 COLLATE=utf8mb4_0900_ai_ci;

/*Data for the table `mc_root` */

insert  into `mc_root`(`root_id`,`root_user`,`root_lei`) values (1,1654519599715,0),(2,1,1),(3,2,1),(4,3,1);

/*Table structure for table `mc_token` */

DROP TABLE IF EXISTS `mc_token`;

CREATE TABLE `mc_token` (
  `token_id` int unsigned NOT NULL AUTO_INCREMENT COMMENT '关注表ID',
  `token_user` int DEFAULT NULL COMMENT '用户ID',
  `token` varchar(500) DEFAULT NULL COMMENT 'token',
  `token_time` int DEFAULT NULL COMMENT 'token创建时间',
  `token_pass` int DEFAULT NULL COMMENT 'token过期时间',
  PRIMARY KEY (`token_id`),
  KEY `token_user` (`token_user`)
) ENGINE=InnoDB DEFAULT CHARSET=utf8mb4 COLLATE=utf8mb4_0900_ai_ci COMMENT='板块';

/*Data for the table `mc_token` */

/*Table structure for table `mc_user` */

DROP TABLE IF EXISTS `mc_user`;

CREATE TABLE `mc_user` (
  `user_id` bigint NOT NULL,
  `username` varchar(20) NOT NULL COMMENT '用户昵称',
  `avatar` varchar(500) DEFAULT 'cloud://leyue-8gmqvf2630ca980b.6c65-leyue-8gmqvf2630ca980b-1312125214/images/admin/用户.png',
  `password` varchar(100) DEFAULT NULL,
  `last_login_time` int unsigned NOT NULL DEFAULT '0' COMMENT '最后登录时间',
  `follower_count` int unsigned NOT NULL DEFAULT '0' COMMENT '关注我的人数',
  `followee_count` int unsigned NOT NULL DEFAULT '0' COMMENT '我关注的人数',
  `following_article_count` int unsigned NOT NULL DEFAULT '0' COMMENT '我的收藏',
  `notification_unread` int unsigned NOT NULL DEFAULT '0' COMMENT '未读通知数',
  `inbox_unread` int unsigned NOT NULL DEFAULT '0' COMMENT '未读私信数',
  `headline` varchar(30) DEFAULT '暂无介绍',
  `user_state` int DEFAULT '1' COMMENT '用户状态',
  `user_sex` varchar(10) DEFAULT '未知',
  `user_zh` bigint DEFAULT NULL,
  `user_dian` int DEFAULT '0',
  `user_fatf` int DEFAULT '1',
  `user_diantf` int DEFAULT '1',
  `user_shoutf` int DEFAULT '1',
  `user_sx` int DEFAULT '1',
  `tz_d` int DEFAULT '1',
  `tz_p` int DEFAULT '1',
  `tz_s` int DEFAULT '1',
  `key_s` varchar(200) DEFAULT NULL,
  `look_hz` int DEFAULT '1',
  `look_gz` int DEFAULT '1',
  `look_fs` int DEFAULT '1',
  PRIMARY KEY (`user_id`),
  KEY `user_name` (`username`)
) ENGINE=InnoDB DEFAULT CHARSET=utf8mb4 COLLATE=utf8mb4_0900_ai_ci COMMENT='用户表';

/*Data for the table `mc_user` */

insert  into `mc_user`(`user_id`,`username`,`avatar`,`password`,`last_login_time`,`follower_count`,`followee_count`,`following_article_count`,`notification_unread`,`inbox_unread`,`headline`,`user_state`,`user_sex`,`user_zh`,`user_dian`,`user_fatf`,`user_diantf`,`user_shoutf`,`user_sx`,`tz_d`,`tz_p`,`tz_s`,`key_s`,`look_hz`,`look_gz`,`look_fs`) values (1,'admin','cloud://leyue-8gmqvf2630ca980b.6c65-leyue-8gmqvf2630ca980b-1312125214/images/admin/管理员_角色管理.png','123456',1653488792,0,6,0,0,0,'95565',1,'男',99999999999,5,1,1,1,1,1,1,1,NULL,0,0,0),(2,'张三','cloud://leyue-8gmqvf2630ca980b.6c65-leyue-8gmqvf2630ca980b-1312125214/images/admin/用户.png','123456',1653488792,0,0,0,0,0,'我是张三',1,'未知',123789,2,1,1,1,1,1,1,1,NULL,1,1,1),(3,'李四','cloud://leyue-8gmqvf2630ca980b.6c65-leyue-8gmqvf2630ca980b-1312125214/images/admin/用户.png','123456',1653488792,0,0,0,0,0,'我是李四',1,'未知',123123,6,0,1,1,1,1,1,1,NULL,1,1,1),(4,'王五','cloud://leyue-8gmqvf2630ca980b.6c65-leyue-8gmqvf2630ca980b-1312125214/images/admin/用户.png','123456',1653488792,0,0,0,0,0,'我是王五',1,'未知',789789,2,1,0,1,1,1,1,1,NULL,1,1,1),(5,'赵六','cloud://leyue-8gmqvf2630ca980b.6c65-leyue-8gmqvf2630ca980b-1312125214/images/admin/用户.png','123456',1653488792,0,0,0,0,0,'我是赵六',1,'未知',99999,0,1,1,1,1,1,1,1,NULL,1,1,1),(6,'刘七','cloud://leyue-8gmqvf2630ca980b.6c65-leyue-8gmqvf2630ca980b-1312125214/images/admin/用户.png','78978979',1653488792,0,0,0,0,0,'是我刘七',1,'未知',789789,0,1,1,1,1,1,1,1,NULL,1,1,1),(7,'牛马','cloud://leyue-8gmqvf2630ca980b.6c65-leyue-8gmqvf2630ca980b-1312125214/images/admin/用户.png','789789',1653488792,0,0,0,0,0,'我是牛马',1,'未知',456456,13,1,1,1,1,1,1,1,NULL,1,1,1),(1654519599715,'V456456','cloud://leyue-8gmqvf2630ca980b.6c65-leyue-8gmqvf2630ca980b-1312125214/user/1654866225589.jpg',NULL,0,0,2,0,0,0,'你好呀',1,'未知',9999999999,8,1,1,1,1,1,1,1,'oKZPC5X_b-6mw2Ks6qNrPgHaRtJ8',1,1,1),(1655041043141,'畅哥很烂丶','cloud://leyue-8gmqvf2630ca980b.6c65-leyue-8gmqvf2630ca980b-1312125214/user/1655042684982.jpg',NULL,0,0,0,0,0,0,'',1,'未知',26201834550,0,1,1,1,1,1,1,1,'oKZPC5YPfbK8p6LargKObo2zfjEk',1,1,1);

/*!40101 SET SQL_MODE=@OLD_SQL_MODE */;
/*!40014 SET FOREIGN_KEY_CHECKS=@OLD_FOREIGN_KEY_CHECKS */;
/*!40014 SET UNIQUE_CHECKS=@OLD_UNIQUE_CHECKS */;
/*!40111 SET SQL_NOTES=@OLD_SQL_NOTES */;
